id,phase,title,ledger_1_0_status,release_0_9_disposition,evidence_or_blocker
T000,P0 Audit and scope,Freeze exact audit inputs and produce a signed immutable input manifest,OPEN,PARTIAL_UNSIGNED,audit/frozen/INPUT_MANIFEST.json; no signature was supplied
T001,P0 Audit and scope,"Reconcile Git tracked files, filesystem files, generated outputs, symlinks, binaries, and ignored release inputs",OPEN,COMPLETED_0_9,audit/frozen/TRACKED_FILE_MANIFEST.json
T002,P0 Audit and scope,Complete language-classified line-by-line review packets and reviewer assignments,OPEN,COMPLETED_SAME_TEAM,audit/frozen/FILE_REVIEW_LEDGER.csv; not independent review
T003,P0 Audit and scope,Create public surface inventory and claim-tier ledger,OPEN,COMPLETED_OR_NARROWED_0_9,audit/frozen/REVIEW_REPORT.md; product profiles and inventories
T004,P0 Audit and scope,"Create threat, misuse, failure, and quirky-case register",OPEN,COMPLETED_OR_NARROWED_0_9,audit/frozen/REVIEW_REPORT.md; product profiles and inventories
T005,P0 Audit and scope,Reproduce the unmodified baseline and archive every command/result,OPEN,COMPLETED_OR_NARROWED_0_9,audit/frozen/REVIEW_REPORT.md; product profiles and inventories
T006,P0 Audit and scope,Inventory TODO/FIXME/HACK/experimental/unimplemented/dormant and permissive fallback paths,OPEN,COMPLETED_OR_NARROWED_0_9,audit/frozen/REVIEW_REPORT.md; product profiles and inventories
T007,P0 Audit and scope,"Inventory dependencies, features, code generators, licenses, assets, datasets, and supply-chain trust",OPEN,COMPLETED_OR_NARROWED_0_9,audit/frozen/REVIEW_REPORT.md; product profiles and inventories
T008,P0 Audit and scope,Create the requirement-to-code-to-test-to-evidence graph,OPEN,COMPLETED_OR_NARROWED_0_9,audit/frozen/REVIEW_REPORT.md; product profiles and inventories
T009,P0 Audit and scope,"Freeze stable, experimental, unsupported, and removed 1.0 capability profiles",OPEN,COMPLETED_OR_NARROWED_0_9,audit/frozen/REVIEW_REPORT.md; product profiles and inventories
T010,"Path group: Product entry, lifecycle, and global state","Read and specify Product entry, lifecycle, and global state",OPEN,REVIEWED_REPAIRED_OR_NOT_CLAIMED_0_9,audit/frozen/FILE_REVIEW_LEDGER.csv; REVIEW_REPORT F/S registers
T011,"Path group: Product entry, lifecycle, and global state","Prove input, state, error, time, identity, and resource invariants for Product entry, lifecycle, and global state",OPEN,REVIEWED_REPAIRED_OR_NOT_CLAIMED_0_9,audit/frozen/FILE_REVIEW_LEDGER.csv; REVIEW_REPORT F/S registers
T012,"Path group: Product entry, lifecycle, and global state","Adversarially review numerical/security/concurrency/compatibility behavior of Product entry, lifecycle, and global state",OPEN,REVIEWED_REPAIRED_OR_NOT_CLAIMED_0_9,audit/frozen/FILE_REVIEW_LEDGER.csv; REVIEW_REPORT F/S registers
T013,"Path group: Product entry, lifecycle, and global state","Build independent tests, oracles, fuzz corpus, and failure injection for Product entry, lifecycle, and global state",OPEN,REVIEWED_REPAIRED_OR_NOT_CLAIMED_0_9,audit/frozen/FILE_REVIEW_LEDGER.csv; REVIEW_REPORT F/S registers
T014,"Path group: Product entry, lifecycle, and global state","Reconcile public docs, migrations, evidence, and downstream consumers for Product entry, lifecycle, and global state",OPEN,REVIEWED_REPAIRED_OR_NOT_CLAIMED_0_9,audit/frozen/FILE_REVIEW_LEDGER.csv; REVIEW_REPORT F/S registers
T015,Path group: Operator UI and components,Read and specify Operator UI and components,OPEN,REVIEWED_REPAIRED_OR_NOT_CLAIMED_0_9,audit/frozen/FILE_REVIEW_LEDGER.csv; REVIEW_REPORT F/S registers
T016,Path group: Operator UI and components,"Prove input, state, error, time, identity, and resource invariants for Operator UI and components",OPEN,REVIEWED_REPAIRED_OR_NOT_CLAIMED_0_9,audit/frozen/FILE_REVIEW_LEDGER.csv; REVIEW_REPORT F/S registers
T017,Path group: Operator UI and components,Adversarially review numerical/security/concurrency/compatibility behavior of Operator UI and components,OPEN,REVIEWED_REPAIRED_OR_NOT_CLAIMED_0_9,audit/frozen/FILE_REVIEW_LEDGER.csv; REVIEW_REPORT F/S registers
T018,Path group: Operator UI and components,"Build independent tests, oracles, fuzz corpus, and failure injection for Operator UI and components",OPEN,REVIEWED_REPAIRED_OR_NOT_CLAIMED_0_9,audit/frozen/FILE_REVIEW_LEDGER.csv; REVIEW_REPORT F/S registers
T019,Path group: Operator UI and components,"Reconcile public docs, migrations, evidence, and downstream consumers for Operator UI and components",OPEN,REVIEWED_REPAIRED_OR_NOT_CLAIMED_0_9,audit/frozen/FILE_REVIEW_LEDGER.csv; REVIEW_REPORT F/S registers
T020,Path group: Viewer and rendering,Read and specify Viewer and rendering,OPEN,REVIEWED_REPAIRED_OR_NOT_CLAIMED_0_9,audit/frozen/FILE_REVIEW_LEDGER.csv; REVIEW_REPORT F/S registers
T021,Path group: Viewer and rendering,"Prove input, state, error, time, identity, and resource invariants for Viewer and rendering",OPEN,REVIEWED_REPAIRED_OR_NOT_CLAIMED_0_9,audit/frozen/FILE_REVIEW_LEDGER.csv; REVIEW_REPORT F/S registers
T022,Path group: Viewer and rendering,Adversarially review numerical/security/concurrency/compatibility behavior of Viewer and rendering,OPEN,REVIEWED_REPAIRED_OR_NOT_CLAIMED_0_9,audit/frozen/FILE_REVIEW_LEDGER.csv; REVIEW_REPORT F/S registers
T023,Path group: Viewer and rendering,"Build independent tests, oracles, fuzz corpus, and failure injection for Viewer and rendering",OPEN,REVIEWED_REPAIRED_OR_NOT_CLAIMED_0_9,audit/frozen/FILE_REVIEW_LEDGER.csv; REVIEW_REPORT F/S registers
T024,Path group: Viewer and rendering,"Reconcile public docs, migrations, evidence, and downstream consumers for Viewer and rendering",OPEN,REVIEWED_REPAIRED_OR_NOT_CLAIMED_0_9,audit/frozen/FILE_REVIEW_LEDGER.csv; REVIEW_REPORT F/S registers
T025,Path group: Browser detection,Read and specify Browser detection,OPEN,REVIEWED_REPAIRED_OR_NOT_CLAIMED_0_9,audit/frozen/FILE_REVIEW_LEDGER.csv; REVIEW_REPORT F/S registers
T026,Path group: Browser detection,"Prove input, state, error, time, identity, and resource invariants for Browser detection",OPEN,REVIEWED_REPAIRED_OR_NOT_CLAIMED_0_9,audit/frozen/FILE_REVIEW_LEDGER.csv; REVIEW_REPORT F/S registers
T027,Path group: Browser detection,Adversarially review numerical/security/concurrency/compatibility behavior of Browser detection,OPEN,REVIEWED_REPAIRED_OR_NOT_CLAIMED_0_9,audit/frozen/FILE_REVIEW_LEDGER.csv; REVIEW_REPORT F/S registers
T028,Path group: Browser detection,"Build independent tests, oracles, fuzz corpus, and failure injection for Browser detection",OPEN,REVIEWED_REPAIRED_OR_NOT_CLAIMED_0_9,audit/frozen/FILE_REVIEW_LEDGER.csv; REVIEW_REPORT F/S registers
T029,Path group: Browser detection,"Reconcile public docs, migrations, evidence, and downstream consumers for Browser detection",OPEN,REVIEWED_REPAIRED_OR_NOT_CLAIMED_0_9,audit/frozen/FILE_REVIEW_LEDGER.csv; REVIEW_REPORT F/S registers
T030,Path group: Physics,Read and specify Physics,OPEN,REVIEWED_REPAIRED_OR_NOT_CLAIMED_0_9,audit/frozen/FILE_REVIEW_LEDGER.csv; REVIEW_REPORT F/S registers
T031,Path group: Physics,"Prove input, state, error, time, identity, and resource invariants for Physics",OPEN,REVIEWED_REPAIRED_OR_NOT_CLAIMED_0_9,audit/frozen/FILE_REVIEW_LEDGER.csv; REVIEW_REPORT F/S registers
T032,Path group: Physics,Adversarially review numerical/security/concurrency/compatibility behavior of Physics,OPEN,REVIEWED_REPAIRED_OR_NOT_CLAIMED_0_9,audit/frozen/FILE_REVIEW_LEDGER.csv; REVIEW_REPORT F/S registers
T033,Path group: Physics,"Build independent tests, oracles, fuzz corpus, and failure injection for Physics",OPEN,REVIEWED_REPAIRED_OR_NOT_CLAIMED_0_9,audit/frozen/FILE_REVIEW_LEDGER.csv; REVIEW_REPORT F/S registers
T034,Path group: Physics,"Reconcile public docs, migrations, evidence, and downstream consumers for Physics",OPEN,REVIEWED_REPAIRED_OR_NOT_CLAIMED_0_9,audit/frozen/FILE_REVIEW_LEDGER.csv; REVIEW_REPORT F/S registers
T035,Path group: Simulation and guidance preview,Read and specify Simulation and guidance preview,OPEN,REVIEWED_REPAIRED_OR_NOT_CLAIMED_0_9,audit/frozen/FILE_REVIEW_LEDGER.csv; REVIEW_REPORT F/S registers
T036,Path group: Simulation and guidance preview,"Prove input, state, error, time, identity, and resource invariants for Simulation and guidance preview",OPEN,REVIEWED_REPAIRED_OR_NOT_CLAIMED_0_9,audit/frozen/FILE_REVIEW_LEDGER.csv; REVIEW_REPORT F/S registers
T037,Path group: Simulation and guidance preview,Adversarially review numerical/security/concurrency/compatibility behavior of Simulation and guidance preview,OPEN,REVIEWED_REPAIRED_OR_NOT_CLAIMED_0_9,audit/frozen/FILE_REVIEW_LEDGER.csv; REVIEW_REPORT F/S registers
T038,Path group: Simulation and guidance preview,"Build independent tests, oracles, fuzz corpus, and failure injection for Simulation and guidance preview",OPEN,REVIEWED_REPAIRED_OR_NOT_CLAIMED_0_9,audit/frozen/FILE_REVIEW_LEDGER.csv; REVIEW_REPORT F/S registers
T039,Path group: Simulation and guidance preview,"Reconcile public docs, migrations, evidence, and downstream consumers for Simulation and guidance preview",OPEN,REVIEWED_REPAIRED_OR_NOT_CLAIMED_0_9,audit/frozen/FILE_REVIEW_LEDGER.csv; REVIEW_REPORT F/S registers
T040,Path group: Frontend ROS adapters,Read and specify Frontend ROS adapters,OPEN,REVIEWED_REPAIRED_OR_NOT_CLAIMED_0_9,audit/frozen/FILE_REVIEW_LEDGER.csv; REVIEW_REPORT F/S registers
T041,Path group: Frontend ROS adapters,"Prove input, state, error, time, identity, and resource invariants for Frontend ROS adapters",OPEN,REVIEWED_REPAIRED_OR_NOT_CLAIMED_0_9,audit/frozen/FILE_REVIEW_LEDGER.csv; REVIEW_REPORT F/S registers
T042,Path group: Frontend ROS adapters,Adversarially review numerical/security/concurrency/compatibility behavior of Frontend ROS adapters,OPEN,REVIEWED_REPAIRED_OR_NOT_CLAIMED_0_9,audit/frozen/FILE_REVIEW_LEDGER.csv; REVIEW_REPORT F/S registers
T043,Path group: Frontend ROS adapters,"Build independent tests, oracles, fuzz corpus, and failure injection for Frontend ROS adapters",OPEN,REVIEWED_REPAIRED_OR_NOT_CLAIMED_0_9,audit/frozen/FILE_REVIEW_LEDGER.csv; REVIEW_REPORT F/S registers
T044,Path group: Frontend ROS adapters,"Reconcile public docs, migrations, evidence, and downstream consumers for Frontend ROS adapters",OPEN,REVIEWED_REPAIRED_OR_NOT_CLAIMED_0_9,audit/frozen/FILE_REVIEW_LEDGER.csv; REVIEW_REPORT F/S registers
T045,Path group: Frontend neuro/NCP path,Read and specify Frontend neuro/NCP path,OPEN,REVIEWED_REPAIRED_OR_NOT_CLAIMED_0_9,audit/frozen/FILE_REVIEW_LEDGER.csv; REVIEW_REPORT F/S registers
T046,Path group: Frontend neuro/NCP path,"Prove input, state, error, time, identity, and resource invariants for Frontend neuro/NCP path",OPEN,REVIEWED_REPAIRED_OR_NOT_CLAIMED_0_9,audit/frozen/FILE_REVIEW_LEDGER.csv; REVIEW_REPORT F/S registers
T047,Path group: Frontend neuro/NCP path,Adversarially review numerical/security/concurrency/compatibility behavior of Frontend neuro/NCP path,OPEN,REVIEWED_REPAIRED_OR_NOT_CLAIMED_0_9,audit/frozen/FILE_REVIEW_LEDGER.csv; REVIEW_REPORT F/S registers
T048,Path group: Frontend neuro/NCP path,"Build independent tests, oracles, fuzz corpus, and failure injection for Frontend neuro/NCP path",OPEN,REVIEWED_REPAIRED_OR_NOT_CLAIMED_0_9,audit/frozen/FILE_REVIEW_LEDGER.csv; REVIEW_REPORT F/S registers
T049,Path group: Frontend neuro/NCP path,"Reconcile public docs, migrations, evidence, and downstream consumers for Frontend neuro/NCP path",OPEN,REVIEWED_REPAIRED_OR_NOT_CLAIMED_0_9,audit/frozen/FILE_REVIEW_LEDGER.csv; REVIEW_REPORT F/S registers
T050,Path group: Frontend utilities and persistence,Read and specify Frontend utilities and persistence,OPEN,REVIEWED_REPAIRED_OR_NOT_CLAIMED_0_9,audit/frozen/FILE_REVIEW_LEDGER.csv; REVIEW_REPORT F/S registers
T051,Path group: Frontend utilities and persistence,"Prove input, state, error, time, identity, and resource invariants for Frontend utilities and persistence",OPEN,REVIEWED_REPAIRED_OR_NOT_CLAIMED_0_9,audit/frozen/FILE_REVIEW_LEDGER.csv; REVIEW_REPORT F/S registers
T052,Path group: Frontend utilities and persistence,Adversarially review numerical/security/concurrency/compatibility behavior of Frontend utilities and persistence,OPEN,REVIEWED_REPAIRED_OR_NOT_CLAIMED_0_9,audit/frozen/FILE_REVIEW_LEDGER.csv; REVIEW_REPORT F/S registers
T053,Path group: Frontend utilities and persistence,"Build independent tests, oracles, fuzz corpus, and failure injection for Frontend utilities and persistence",OPEN,REVIEWED_REPAIRED_OR_NOT_CLAIMED_0_9,audit/frozen/FILE_REVIEW_LEDGER.csv; REVIEW_REPORT F/S registers
T054,Path group: Frontend utilities and persistence,"Reconcile public docs, migrations, evidence, and downstream consumers for Frontend utilities and persistence",OPEN,REVIEWED_REPAIRED_OR_NOT_CLAIMED_0_9,audit/frozen/FILE_REVIEW_LEDGER.csv; REVIEW_REPORT F/S registers
T055,Path group: Tauri application and IPC,Read and specify Tauri application and IPC,OPEN,REVIEWED_REPAIRED_OR_NOT_CLAIMED_0_9,audit/frozen/FILE_REVIEW_LEDGER.csv; REVIEW_REPORT F/S registers
T056,Path group: Tauri application and IPC,"Prove input, state, error, time, identity, and resource invariants for Tauri application and IPC",OPEN,REVIEWED_REPAIRED_OR_NOT_CLAIMED_0_9,audit/frozen/FILE_REVIEW_LEDGER.csv; REVIEW_REPORT F/S registers
T057,Path group: Tauri application and IPC,Adversarially review numerical/security/concurrency/compatibility behavior of Tauri application and IPC,OPEN,REVIEWED_REPAIRED_OR_NOT_CLAIMED_0_9,audit/frozen/FILE_REVIEW_LEDGER.csv; REVIEW_REPORT F/S registers
T058,Path group: Tauri application and IPC,"Build independent tests, oracles, fuzz corpus, and failure injection for Tauri application and IPC",OPEN,REVIEWED_REPAIRED_OR_NOT_CLAIMED_0_9,audit/frozen/FILE_REVIEW_LEDGER.csv; REVIEW_REPORT F/S registers
T059,Path group: Tauri application and IPC,"Reconcile public docs, migrations, evidence, and downstream consumers for Tauri application and IPC",OPEN,REVIEWED_REPAIRED_OR_NOT_CLAIMED_0_9,audit/frozen/FILE_REVIEW_LEDGER.csv; REVIEW_REPORT F/S registers
T060,Path group: Common image/detection utilities,Read and specify Common image/detection utilities,OPEN,REVIEWED_REPAIRED_OR_NOT_CLAIMED_0_9,audit/frozen/FILE_REVIEW_LEDGER.csv; REVIEW_REPORT F/S registers
T061,Path group: Common image/detection utilities,"Prove input, state, error, time, identity, and resource invariants for Common image/detection utilities",OPEN,REVIEWED_REPAIRED_OR_NOT_CLAIMED_0_9,audit/frozen/FILE_REVIEW_LEDGER.csv; REVIEW_REPORT F/S registers
T062,Path group: Common image/detection utilities,Adversarially review numerical/security/concurrency/compatibility behavior of Common image/detection utilities,OPEN,REVIEWED_REPAIRED_OR_NOT_CLAIMED_0_9,audit/frozen/FILE_REVIEW_LEDGER.csv; REVIEW_REPORT F/S registers
T063,Path group: Common image/detection utilities,"Build independent tests, oracles, fuzz corpus, and failure injection for Common image/detection utilities",OPEN,REVIEWED_REPAIRED_OR_NOT_CLAIMED_0_9,audit/frozen/FILE_REVIEW_LEDGER.csv; REVIEW_REPORT F/S registers
T064,Path group: Common image/detection utilities,"Reconcile public docs, migrations, evidence, and downstream consumers for Common image/detection utilities",OPEN,REVIEWED_REPAIRED_OR_NOT_CLAIMED_0_9,audit/frozen/FILE_REVIEW_LEDGER.csv; REVIEW_REPORT F/S registers
T065,Path group: Inference abstraction,Read and specify Inference abstraction,OPEN,REVIEWED_REPAIRED_OR_NOT_CLAIMED_0_9,audit/frozen/FILE_REVIEW_LEDGER.csv; REVIEW_REPORT F/S registers
T066,Path group: Inference abstraction,"Prove input, state, error, time, identity, and resource invariants for Inference abstraction",OPEN,REVIEWED_REPAIRED_OR_NOT_CLAIMED_0_9,audit/frozen/FILE_REVIEW_LEDGER.csv; REVIEW_REPORT F/S registers
T067,Path group: Inference abstraction,Adversarially review numerical/security/concurrency/compatibility behavior of Inference abstraction,OPEN,REVIEWED_REPAIRED_OR_NOT_CLAIMED_0_9,audit/frozen/FILE_REVIEW_LEDGER.csv; REVIEW_REPORT F/S registers
T068,Path group: Inference abstraction,"Build independent tests, oracles, fuzz corpus, and failure injection for Inference abstraction",OPEN,REVIEWED_REPAIRED_OR_NOT_CLAIMED_0_9,audit/frozen/FILE_REVIEW_LEDGER.csv; REVIEW_REPORT F/S registers
T069,Path group: Inference abstraction,"Reconcile public docs, migrations, evidence, and downstream consumers for Inference abstraction",OPEN,REVIEWED_REPAIRED_OR_NOT_CLAIMED_0_9,audit/frozen/FILE_REVIEW_LEDGER.csv; REVIEW_REPORT F/S registers
T070,Path group: CoreML and native Apple boundary,Read and specify CoreML and native Apple boundary,OPEN,REVIEWED_REPAIRED_OR_NOT_CLAIMED_0_9,audit/frozen/FILE_REVIEW_LEDGER.csv; REVIEW_REPORT F/S registers
T071,Path group: CoreML and native Apple boundary,"Prove input, state, error, time, identity, and resource invariants for CoreML and native Apple boundary",OPEN,REVIEWED_REPAIRED_OR_NOT_CLAIMED_0_9,audit/frozen/FILE_REVIEW_LEDGER.csv; REVIEW_REPORT F/S registers
T072,Path group: CoreML and native Apple boundary,Adversarially review numerical/security/concurrency/compatibility behavior of CoreML and native Apple boundary,OPEN,REVIEWED_REPAIRED_OR_NOT_CLAIMED_0_9,audit/frozen/FILE_REVIEW_LEDGER.csv; REVIEW_REPORT F/S registers
T073,Path group: CoreML and native Apple boundary,"Build independent tests, oracles, fuzz corpus, and failure injection for CoreML and native Apple boundary",OPEN,REVIEWED_REPAIRED_OR_NOT_CLAIMED_0_9,audit/frozen/FILE_REVIEW_LEDGER.csv; REVIEW_REPORT F/S registers
T074,Path group: CoreML and native Apple boundary,"Reconcile public docs, migrations, evidence, and downstream consumers for CoreML and native Apple boundary",OPEN,REVIEWED_REPAIRED_OR_NOT_CLAIMED_0_9,audit/frozen/FILE_REVIEW_LEDGER.csv; REVIEW_REPORT F/S registers
T075,Path group: ONNX/TensorRT/CUDA path,Read and specify ONNX/TensorRT/CUDA path,OPEN,REVIEWED_REPAIRED_OR_NOT_CLAIMED_0_9,audit/frozen/FILE_REVIEW_LEDGER.csv; REVIEW_REPORT F/S registers
T076,Path group: ONNX/TensorRT/CUDA path,"Prove input, state, error, time, identity, and resource invariants for ONNX/TensorRT/CUDA path",OPEN,REVIEWED_REPAIRED_OR_NOT_CLAIMED_0_9,audit/frozen/FILE_REVIEW_LEDGER.csv; REVIEW_REPORT F/S registers
T077,Path group: ONNX/TensorRT/CUDA path,Adversarially review numerical/security/concurrency/compatibility behavior of ONNX/TensorRT/CUDA path,OPEN,REVIEWED_REPAIRED_OR_NOT_CLAIMED_0_9,audit/frozen/FILE_REVIEW_LEDGER.csv; REVIEW_REPORT F/S registers
T078,Path group: ONNX/TensorRT/CUDA path,"Build independent tests, oracles, fuzz corpus, and failure injection for ONNX/TensorRT/CUDA path",OPEN,REVIEWED_REPAIRED_OR_NOT_CLAIMED_0_9,audit/frozen/FILE_REVIEW_LEDGER.csv; REVIEW_REPORT F/S registers
T079,Path group: ONNX/TensorRT/CUDA path,"Reconcile public docs, migrations, evidence, and downstream consumers for ONNX/TensorRT/CUDA path",OPEN,REVIEWED_REPAIRED_OR_NOT_CLAIMED_0_9,audit/frozen/FILE_REVIEW_LEDGER.csv; REVIEW_REPORT F/S registers
T080,Path group: Experimental MLX/Candle path,Read and specify Experimental MLX/Candle path,OPEN,REVIEWED_REPAIRED_OR_NOT_CLAIMED_0_9,audit/frozen/FILE_REVIEW_LEDGER.csv; REVIEW_REPORT F/S registers
T081,Path group: Experimental MLX/Candle path,"Prove input, state, error, time, identity, and resource invariants for Experimental MLX/Candle path",OPEN,REVIEWED_REPAIRED_OR_NOT_CLAIMED_0_9,audit/frozen/FILE_REVIEW_LEDGER.csv; REVIEW_REPORT F/S registers
T082,Path group: Experimental MLX/Candle path,Adversarially review numerical/security/concurrency/compatibility behavior of Experimental MLX/Candle path,OPEN,REVIEWED_REPAIRED_OR_NOT_CLAIMED_0_9,audit/frozen/FILE_REVIEW_LEDGER.csv; REVIEW_REPORT F/S registers
T083,Path group: Experimental MLX/Candle path,"Build independent tests, oracles, fuzz corpus, and failure injection for Experimental MLX/Candle path",OPEN,REVIEWED_REPAIRED_OR_NOT_CLAIMED_0_9,audit/frozen/FILE_REVIEW_LEDGER.csv; REVIEW_REPORT F/S registers
T084,Path group: Experimental MLX/Candle path,"Reconcile public docs, migrations, evidence, and downstream consumers for Experimental MLX/Candle path",OPEN,REVIEWED_REPAIRED_OR_NOT_CLAIMED_0_9,audit/frozen/FILE_REVIEW_LEDGER.csv; REVIEW_REPORT F/S registers
T085,Path group: Native sensor fusion,Read and specify Native sensor fusion,OPEN,REVIEWED_REPAIRED_OR_NOT_CLAIMED_0_9,audit/frozen/FILE_REVIEW_LEDGER.csv; REVIEW_REPORT F/S registers
T086,Path group: Native sensor fusion,"Prove input, state, error, time, identity, and resource invariants for Native sensor fusion",OPEN,REVIEWED_REPAIRED_OR_NOT_CLAIMED_0_9,audit/frozen/FILE_REVIEW_LEDGER.csv; REVIEW_REPORT F/S registers
T087,Path group: Native sensor fusion,Adversarially review numerical/security/concurrency/compatibility behavior of Native sensor fusion,OPEN,REVIEWED_REPAIRED_OR_NOT_CLAIMED_0_9,audit/frozen/FILE_REVIEW_LEDGER.csv; REVIEW_REPORT F/S registers
T088,Path group: Native sensor fusion,"Build independent tests, oracles, fuzz corpus, and failure injection for Native sensor fusion",OPEN,REVIEWED_REPAIRED_OR_NOT_CLAIMED_0_9,audit/frozen/FILE_REVIEW_LEDGER.csv; REVIEW_REPORT F/S registers
T089,Path group: Native sensor fusion,"Reconcile public docs, migrations, evidence, and downstream consumers for Native sensor fusion",OPEN,REVIEWED_REPAIRED_OR_NOT_CLAIMED_0_9,audit/frozen/FILE_REVIEW_LEDGER.csv; REVIEW_REPORT F/S registers
T090,Path group: Native transport and CDR,Read and specify Native transport and CDR,OPEN,REVIEWED_REPAIRED_OR_NOT_CLAIMED_0_9,audit/frozen/FILE_REVIEW_LEDGER.csv; REVIEW_REPORT F/S registers
T091,Path group: Native transport and CDR,"Prove input, state, error, time, identity, and resource invariants for Native transport and CDR",OPEN,REVIEWED_REPAIRED_OR_NOT_CLAIMED_0_9,audit/frozen/FILE_REVIEW_LEDGER.csv; REVIEW_REPORT F/S registers
T092,Path group: Native transport and CDR,Adversarially review numerical/security/concurrency/compatibility behavior of Native transport and CDR,OPEN,REVIEWED_REPAIRED_OR_NOT_CLAIMED_0_9,audit/frozen/FILE_REVIEW_LEDGER.csv; REVIEW_REPORT F/S registers
T093,Path group: Native transport and CDR,"Build independent tests, oracles, fuzz corpus, and failure injection for Native transport and CDR",OPEN,REVIEWED_REPAIRED_OR_NOT_CLAIMED_0_9,audit/frozen/FILE_REVIEW_LEDGER.csv; REVIEW_REPORT F/S registers
T094,Path group: Native transport and CDR,"Reconcile public docs, migrations, evidence, and downstream consumers for Native transport and CDR",OPEN,REVIEWED_REPAIRED_OR_NOT_CLAIMED_0_9,audit/frozen/FILE_REVIEW_LEDGER.csv; REVIEW_REPORT F/S registers
T095,Path group: NCP adapter,Read and specify NCP adapter,OPEN,REVIEWED_REPAIRED_OR_NOT_CLAIMED_0_9,audit/frozen/FILE_REVIEW_LEDGER.csv; REVIEW_REPORT F/S registers
T096,Path group: NCP adapter,"Prove input, state, error, time, identity, and resource invariants for NCP adapter",OPEN,REVIEWED_REPAIRED_OR_NOT_CLAIMED_0_9,audit/frozen/FILE_REVIEW_LEDGER.csv; REVIEW_REPORT F/S registers
T097,Path group: NCP adapter,Adversarially review numerical/security/concurrency/compatibility behavior of NCP adapter,OPEN,REVIEWED_REPAIRED_OR_NOT_CLAIMED_0_9,audit/frozen/FILE_REVIEW_LEDGER.csv; REVIEW_REPORT F/S registers
T098,Path group: NCP adapter,"Build independent tests, oracles, fuzz corpus, and failure injection for NCP adapter",OPEN,REVIEWED_REPAIRED_OR_NOT_CLAIMED_0_9,audit/frozen/FILE_REVIEW_LEDGER.csv; REVIEW_REPORT F/S registers
T099,Path group: NCP adapter,"Reconcile public docs, migrations, evidence, and downstream consumers for NCP adapter",OPEN,REVIEWED_REPAIRED_OR_NOT_CLAIMED_0_9,audit/frozen/FILE_REVIEW_LEDGER.csv; REVIEW_REPORT F/S registers
T100,Path group: Galadriel producer and registry,Read and specify Galadriel producer and registry,OPEN,REVIEWED_REPAIRED_OR_NOT_CLAIMED_0_9,audit/frozen/FILE_REVIEW_LEDGER.csv; REVIEW_REPORT F/S registers
T101,Path group: Galadriel producer and registry,"Prove input, state, error, time, identity, and resource invariants for Galadriel producer and registry",OPEN,REVIEWED_REPAIRED_OR_NOT_CLAIMED_0_9,audit/frozen/FILE_REVIEW_LEDGER.csv; REVIEW_REPORT F/S registers
T102,Path group: Galadriel producer and registry,Adversarially review numerical/security/concurrency/compatibility behavior of Galadriel producer and registry,OPEN,REVIEWED_REPAIRED_OR_NOT_CLAIMED_0_9,audit/frozen/FILE_REVIEW_LEDGER.csv; REVIEW_REPORT F/S registers
T103,Path group: Galadriel producer and registry,"Build independent tests, oracles, fuzz corpus, and failure injection for Galadriel producer and registry",OPEN,REVIEWED_REPAIRED_OR_NOT_CLAIMED_0_9,audit/frozen/FILE_REVIEW_LEDGER.csv; REVIEW_REPORT F/S registers
T104,Path group: Galadriel producer and registry,"Reconcile public docs, migrations, evidence, and downstream consumers for Galadriel producer and registry",OPEN,REVIEWED_REPAIRED_OR_NOT_CLAIMED_0_9,audit/frozen/FILE_REVIEW_LEDGER.csv; REVIEW_REPORT F/S registers
T105,Path group: PID observation path,Read and specify PID observation path,OPEN,REVIEWED_REPAIRED_OR_NOT_CLAIMED_0_9,audit/frozen/FILE_REVIEW_LEDGER.csv; REVIEW_REPORT F/S registers
T106,Path group: PID observation path,"Prove input, state, error, time, identity, and resource invariants for PID observation path",OPEN,REVIEWED_REPAIRED_OR_NOT_CLAIMED_0_9,audit/frozen/FILE_REVIEW_LEDGER.csv; REVIEW_REPORT F/S registers
T107,Path group: PID observation path,Adversarially review numerical/security/concurrency/compatibility behavior of PID observation path,OPEN,REVIEWED_REPAIRED_OR_NOT_CLAIMED_0_9,audit/frozen/FILE_REVIEW_LEDGER.csv; REVIEW_REPORT F/S registers
T108,Path group: PID observation path,"Build independent tests, oracles, fuzz corpus, and failure injection for PID observation path",OPEN,REVIEWED_REPAIRED_OR_NOT_CLAIMED_0_9,audit/frozen/FILE_REVIEW_LEDGER.csv; REVIEW_REPORT F/S registers
T109,Path group: PID observation path,"Reconcile public docs, migrations, evidence, and downstream consumers for PID observation path",OPEN,REVIEWED_REPAIRED_OR_NOT_CLAIMED_0_9,audit/frozen/FILE_REVIEW_LEDGER.csv; REVIEW_REPORT F/S registers
T110,Path group: Plant-authority foundation,Read and specify Plant-authority foundation,OPEN,REVIEWED_REPAIRED_OR_NOT_CLAIMED_0_9,audit/frozen/FILE_REVIEW_LEDGER.csv; REVIEW_REPORT F/S registers
T111,Path group: Plant-authority foundation,"Prove input, state, error, time, identity, and resource invariants for Plant-authority foundation",OPEN,REVIEWED_REPAIRED_OR_NOT_CLAIMED_0_9,audit/frozen/FILE_REVIEW_LEDGER.csv; REVIEW_REPORT F/S registers
T112,Path group: Plant-authority foundation,Adversarially review numerical/security/concurrency/compatibility behavior of Plant-authority foundation,OPEN,REVIEWED_REPAIRED_OR_NOT_CLAIMED_0_9,audit/frozen/FILE_REVIEW_LEDGER.csv; REVIEW_REPORT F/S registers
T113,Path group: Plant-authority foundation,"Build independent tests, oracles, fuzz corpus, and failure injection for Plant-authority foundation",OPEN,REVIEWED_REPAIRED_OR_NOT_CLAIMED_0_9,audit/frozen/FILE_REVIEW_LEDGER.csv; REVIEW_REPORT F/S registers
T114,Path group: Plant-authority foundation,"Reconcile public docs, migrations, evidence, and downstream consumers for Plant-authority foundation",OPEN,REVIEWED_REPAIRED_OR_NOT_CLAIMED_0_9,audit/frozen/FILE_REVIEW_LEDGER.csv; REVIEW_REPORT F/S registers
T115,Path group: Tauri capabilities and desktop security,Read and specify Tauri capabilities and desktop security,OPEN,REVIEWED_REPAIRED_OR_NOT_CLAIMED_0_9,audit/frozen/FILE_REVIEW_LEDGER.csv; REVIEW_REPORT F/S registers
T116,Path group: Tauri capabilities and desktop security,"Prove input, state, error, time, identity, and resource invariants for Tauri capabilities and desktop security",OPEN,REVIEWED_REPAIRED_OR_NOT_CLAIMED_0_9,audit/frozen/FILE_REVIEW_LEDGER.csv; REVIEW_REPORT F/S registers
T117,Path group: Tauri capabilities and desktop security,Adversarially review numerical/security/concurrency/compatibility behavior of Tauri capabilities and desktop security,OPEN,REVIEWED_REPAIRED_OR_NOT_CLAIMED_0_9,audit/frozen/FILE_REVIEW_LEDGER.csv; REVIEW_REPORT F/S registers
T118,Path group: Tauri capabilities and desktop security,"Build independent tests, oracles, fuzz corpus, and failure injection for Tauri capabilities and desktop security",OPEN,REVIEWED_REPAIRED_OR_NOT_CLAIMED_0_9,audit/frozen/FILE_REVIEW_LEDGER.csv; REVIEW_REPORT F/S registers
T119,Path group: Tauri capabilities and desktop security,"Reconcile public docs, migrations, evidence, and downstream consumers for Tauri capabilities and desktop security",OPEN,REVIEWED_REPAIRED_OR_NOT_CLAIMED_0_9,audit/frozen/FILE_REVIEW_LEDGER.csv; REVIEW_REPORT F/S registers
T120,Path group: ROS/Gazebo package,Read and specify ROS/Gazebo package,OPEN,REVIEWED_REPAIRED_OR_NOT_CLAIMED_0_9,audit/frozen/FILE_REVIEW_LEDGER.csv; REVIEW_REPORT F/S registers
T121,Path group: ROS/Gazebo package,"Prove input, state, error, time, identity, and resource invariants for ROS/Gazebo package",OPEN,REVIEWED_REPAIRED_OR_NOT_CLAIMED_0_9,audit/frozen/FILE_REVIEW_LEDGER.csv; REVIEW_REPORT F/S registers
T122,Path group: ROS/Gazebo package,Adversarially review numerical/security/concurrency/compatibility behavior of ROS/Gazebo package,OPEN,REVIEWED_REPAIRED_OR_NOT_CLAIMED_0_9,audit/frozen/FILE_REVIEW_LEDGER.csv; REVIEW_REPORT F/S registers
T123,Path group: ROS/Gazebo package,"Build independent tests, oracles, fuzz corpus, and failure injection for ROS/Gazebo package",OPEN,REVIEWED_REPAIRED_OR_NOT_CLAIMED_0_9,audit/frozen/FILE_REVIEW_LEDGER.csv; REVIEW_REPORT F/S registers
T124,Path group: ROS/Gazebo package,"Reconcile public docs, migrations, evidence, and downstream consumers for ROS/Gazebo package",OPEN,REVIEWED_REPAIRED_OR_NOT_CLAIMED_0_9,audit/frozen/FILE_REVIEW_LEDGER.csv; REVIEW_REPORT F/S registers
T125,Path group: Documentation and hazard/release evidence,Read and specify Documentation and hazard/release evidence,OPEN,REVIEWED_REPAIRED_OR_NOT_CLAIMED_0_9,audit/frozen/FILE_REVIEW_LEDGER.csv; REVIEW_REPORT F/S registers
T126,Path group: Documentation and hazard/release evidence,"Prove input, state, error, time, identity, and resource invariants for Documentation and hazard/release evidence",OPEN,REVIEWED_REPAIRED_OR_NOT_CLAIMED_0_9,audit/frozen/FILE_REVIEW_LEDGER.csv; REVIEW_REPORT F/S registers
T127,Path group: Documentation and hazard/release evidence,Adversarially review numerical/security/concurrency/compatibility behavior of Documentation and hazard/release evidence,OPEN,REVIEWED_REPAIRED_OR_NOT_CLAIMED_0_9,audit/frozen/FILE_REVIEW_LEDGER.csv; REVIEW_REPORT F/S registers
T128,Path group: Documentation and hazard/release evidence,"Build independent tests, oracles, fuzz corpus, and failure injection for Documentation and hazard/release evidence",OPEN,REVIEWED_REPAIRED_OR_NOT_CLAIMED_0_9,audit/frozen/FILE_REVIEW_LEDGER.csv; REVIEW_REPORT F/S registers
T129,Path group: Documentation and hazard/release evidence,"Reconcile public docs, migrations, evidence, and downstream consumers for Documentation and hazard/release evidence",OPEN,REVIEWED_REPAIRED_OR_NOT_CLAIMED_0_9,audit/frozen/FILE_REVIEW_LEDGER.csv; REVIEW_REPORT F/S registers
T130,"Path group: Build, package, Nix, scripts, workflows","Read and specify Build, package, Nix, scripts, workflows",OPEN,REVIEWED_REPAIRED_OR_NOT_CLAIMED_0_9,audit/frozen/FILE_REVIEW_LEDGER.csv; REVIEW_REPORT F/S registers
T131,"Path group: Build, package, Nix, scripts, workflows","Prove input, state, error, time, identity, and resource invariants for Build, package, Nix, scripts, workflows",OPEN,REVIEWED_REPAIRED_OR_NOT_CLAIMED_0_9,audit/frozen/FILE_REVIEW_LEDGER.csv; REVIEW_REPORT F/S registers
T132,"Path group: Build, package, Nix, scripts, workflows","Adversarially review numerical/security/concurrency/compatibility behavior of Build, package, Nix, scripts, workflows",OPEN,REVIEWED_REPAIRED_OR_NOT_CLAIMED_0_9,audit/frozen/FILE_REVIEW_LEDGER.csv; REVIEW_REPORT F/S registers
T133,"Path group: Build, package, Nix, scripts, workflows","Build independent tests, oracles, fuzz corpus, and failure injection for Build, package, Nix, scripts, workflows",OPEN,REVIEWED_REPAIRED_OR_NOT_CLAIMED_0_9,audit/frozen/FILE_REVIEW_LEDGER.csv; REVIEW_REPORT F/S registers
T134,"Path group: Build, package, Nix, scripts, workflows","Reconcile public docs, migrations, evidence, and downstream consumers for Build, package, Nix, scripts, workflows",OPEN,REVIEWED_REPAIRED_OR_NOT_CLAIMED_0_9,audit/frozen/FILE_REVIEW_LEDGER.csv; REVIEW_REPORT F/S registers
T135,Repository-specific closure,"Define immutable product profiles: Analysis, SimulationNoAuthority, ReadOnlyTelemetry, Observed, EngramFederated, ExternalAuthority, HaldirGate, and Development.",OPEN,COMPLETED_0_9,product profiles; IPC registry; Phase-0 production graph evidence
T136,Repository-specific closure,Generate a frontend-to-Rust IPC contract registry and fail CI if an unregistered or undocumented command/event appears.,OPEN,COMPLETED_0_9,product profiles; IPC registry; Phase-0 production graph evidence
T137,Repository-specific closure,Prove development rosbridge and dormant NCP command surfaces are absent from stable packaged module graphs.,OPEN,COMPLETED_0_9,product profiles; IPC registry; Phase-0 production graph evidence
T138,Repository-specific closure,Select the normative fusion engine and produce a migration/removal plan for the other path.,OPEN,COMPLETED_0_9,docs/SENSOR_FUSION.md normative-engine and migration disposition
T139,Repository-specific closure,"Preregister fusion validation metrics: NEES/NIS, coverage, bias, RMSE, identity switches, fragmentation, latency, false tracks, missed tracks, and resource maxima.",OPEN,PREREGISTERED_NOT_RUN,docs/FUSION_VALIDATION_PROTOCOL.md
T140,Repository-specific closure,Create independent analytic and Monte Carlo truth fixtures for every supported filter and association regime.,OPEN,PARTIAL_NO_NUMERIC_CLAIM,component fixtures/corpora exist; independent truth campaign absent
T141,Repository-specific closure,"Bind detections and tracks to exact scene, sensor, camera, frame, model, preprocessing, timestamp, units, coordinate frame, and covariance identities.",OPEN,PARTIAL_NO_NUMERIC_CLAIM,component fixtures/corpora exist; independent truth campaign absent
T142,Repository-specific closure,"Create hostile asset/model/scene corpora for parsers, decompression, paths, dimensions, textures, splats, GLB accessors, image formats, and model metadata.",OPEN,PARTIAL_NO_NUMERIC_CLAIM,component fixtures/corpora exist; independent truth campaign absent
T143,Repository-specific closure,"Prove NoAuthority cannot construct or reach a plant-apply capability in Rust types, IPC schemas, Tauri capabilities, and packaged binaries.",OPEN,COMPLETED_0_9,"NoAuthority profiles, IPC registry, plant/production boundary gates"
T144,Repository-specific closure,Implement final HaldirGate receipt/command validation only in an isolated plant adapter; forbid UI or fusion code from minting authority.,OPEN,BLOCKED_EXTERNAL_NOT_IMPLEMENTED,final Haldir/NCP/Galadriel/Prisoma artifacts unavailable
T145,Repository-specific closure,Migrate external NCP/Engram adapter to exact final NCP 1.0 artifacts after publication and run canonical/mixed-version/security campaigns.,OPEN,BLOCKED_EXTERNAL_NOT_IMPLEMENTED,final Haldir/NCP/Galadriel/Prisoma artifacts unavailable
T146,Repository-specific closure,Migrate Galadriel producer to exact final contracts while preserving disabled/unavailable/failure behavior.,OPEN,BLOCKED_EXTERNAL_NOT_IMPLEMENTED,final Haldir/NCP/Galadriel/Prisoma artifacts unavailable
T147,Repository-specific closure,Produce Prisoma capture/replay exports with row-level lineage and split identities; do not require Galadriel or Haldir for scientific replay.,OPEN,BLOCKED_EXTERNAL_NOT_IMPLEMENTED,final Haldir/NCP/Galadriel/Prisoma artifacts unavailable
T148,Repository-specific closure,"Run macOS and Linux clean-room installation, GPU/device, long-duration rendering/camera/detection/fusion, and failure recovery campaigns.",OPEN,NOT_RUN,"target clean-room, GPU/device, and duration campaign unavailable"
T149,Repository-specific closure,"Rewrite public screenshots/status indicators so research, experimental, disabled, degraded, denied, and deployment-qualified cannot be confused.",OPEN,PARTIAL_CLAIMS_NARROWED,0.9 status/decision text; target screenshot review remains
T150,Final qualification,Run full feature/platform/profile matrix and prove unsupported combinations fail clearly,OPEN,PARTIAL_AUTOMATED_MATRIX,default/NCP/no-default/CUDA/TensorRT and hosted platform gates
T151,Final qualification,"Run long-duration resource, cancellation, restart, fault, and hostile-input campaigns",OPEN,PARTIAL_COMPONENT_ONLY,bounded lifecycle/fault tests; deployed long-duration run absent
T152,Final qualification,"Generate reproducible packages, SBOM, license report, vulnerability scan, provenance and checksums",OPEN,AUTOMATED_RELEASE_GATE_PENDING_TAG,"release workflow: packages, SBOM, scan, provenance, checksums"
T153,Final qualification,Commission independent clean-room build and critical evidence reproduction,OPEN,BLOCKED_INDEPENDENT_REVIEW,same-team agent lanes are explicitly non-independent
T154,Final qualification,"Reconcile every README, GitHub description, citation, package, tag, schema and support claim",OPEN,COMPLETED_LOCAL_0_9,0.9 metadata/authorship/docs; hosted state finalized at release
T155,Final qualification,"Run publication, rollback, revocation, withdrawal, and post-publication rehearsals without changing candidate",OPEN,PARTIAL,retired-v0.4 record and release workflow; publication rehearsal not independent
T156,Final qualification,Create local convergence manifest and hand off only explicit cross-repository requirements,OPEN,BLOCKED_CROSS_REPOSITORY,five final local manifests do not exist
T157,Final qualification,Perform final lead-only twenty-lens diff review against frozen audit cut,OPEN,COMPLETED_0_9_NOT_INDEPENDENT,audit/candidate/TWENTY_LENS_REVIEW.md
T158,Final qualification,"Issue signed GO, NARROWED_GO, or NO_GO decision with residual risks and removed claims",OPEN,NARROWED_GO_0_9_NO_GO_1_0,docs/NARROWED_GO_0.9.0.md
